Place,Jan,Feb,Mar,Apr,May,Jun,Jul,Aug,Sept,Oct,Nov,Dec,Start,End
gajraula,0,0,0,0,0,0,0,0,1,1,1,0,Sept,Nov
bareilly,0,0,0,0,0,0,0,0,0,1,1,1,Oct,Dec
faizabad,1,1,1,0,0,0,0,0,0,1,1,1,Oct,Mar
jhansi,1,1,0,0,0,0,0,0,0,0,1,1,Nov,Feb
agra,1,1,1,0,0,0,0,0,0,0,1,1,Nov,Mar
sultanpur,1,1,1,0,0,0,0,0,0,1,1,1,Oct,Mar
aligarh,0,1,0,0,0,0,0,0,0,0,0,0,Feb,Feb
rampur,0,0,0,0,0,0,0,0,0,0,0,0,Null,Null
shahjahanpur,1,1,1,0,0,0,0,0,0,1,1,1,Oct,Mar
vrindavan,1,1,1,0,0,0,0,0,0,0,1,1,Nov,Mar
noida,1,1,0,0,0,0,0,0,0,0,1,1,Nov,Feb
mathura,1,1,1,0,0,0,0,0,0,1,1,1,Oct,Mar
allahabad,1,1,1,0,0,0,0,0,0,0,1,1,Nov,Mar
kanpur,1,1,1,0,0,0,0,0,0,1,1,1,Oct,Mar
varanasi,1,1,1,0,0,0,0,0,0,1,1,1,Oct,Mar
ayodhya,1,1,1,0,0,0,0,0,0,1,1,1,Oct,Mar
lucknow,0,0,0,0,0,0,0,0,0,0,1,1,Nov,Dec
saharanpur,1,1,1,0,0,0,0,0,0,1,1,1,Oct,Mar
ghaziabad,1,1,1,0,0,0,0,0,0,1,1,1,Oct,Mar
chitrakoot,1,1,1,0,0,0,0,0,0,1,1,1,Oct,Mar
moradabad,0,0,0,0,0,0,0,0,1,1,1,0,Sept,Nov
fatehpur sikri,1,1,1,1,0,0,0,0,1,1,1,1,Sept,Apr
gorakhpur,0,0,0,0,0,0,0,0,0,1,1,1,Oct,Dec
balrampur,1,1,1,0,0,0,0,0,0,1,1,1,Oct,Mar
garhmukteshwar,0,0,0,0,0,0,0,0,0,0,0,0,Null,Null
etawah,1,1,1,0,0,0,0,0,0,1,1,1,Oct,Mar
lalitpur,1,1,1,0,0,0,0,0,0,1,1,1,Oct,Mar
greater noida,0,0,0,0,0,0,0,0,0,0,0,0,Null,Null
meerut,0,0,0,0,0,0,0,0,0,0,1,1,Nov,Dec
kurukshetra,1,1,1,0,0,0,0,0,0,1,1,1,Oct,Mar
faridabad,1,1,1,0,0,0,0,0,0,1,1,1,Oct,Mar
panchkula,1,1,1,0,0,0,0,0,0,0,1,1,Nov,Mar
hisar,1,1,1,0,0,0,0,0,0,1,1,1,Oct,Mar
gurgaon,1,1,0,0,0,0,0,0,0,0,1,1,Nov,Feb
panipat,1,1,1,0,0,0,0,0,0,1,1,1,Oct,Mar
sonipat,1,1,0,0,0,0,0,1,1,1,1,1,Aug,Feb
ambala,0,0,0,0,0,0,0,0,0,1,1,0,Oct,Nov
karnal,1,1,1,0,0,0,0,0,0,1,1,1,Oct,Mar
manesar,0,0,0,0,0,0,0,0,0,0,0,0,Null,Null
yamunanagar,1,1,1,0,0,0,0,0,0,1,1,1,Oct,Mar
bhiwani,1,1,1,0,0,0,0,0,0,1,1,1,Oct,Mar
kalka,1,1,1,0,0,0,0,0,1,1,1,1,Sept,Mar
bidar,1,1,1,0,0,0,0,0,0,0,1,1,Nov,Mar
bellary,1,1,1,0,0,0,0,0,0,1,1,1,Oct,Mar
manipal,1,1,1,0,0,0,0,0,0,1,1,1,Oct,Mar
bandipur,1,1,0,0,0,0,0,0,0,0,1,1,Nov,Feb
chikmagalur,1,1,1,0,0,0,0,0,0,1,1,1,Oct,Mar
madikeri,1,1,1,0,0,0,0,0,0,1,1,1,Oct,Mar
hubli,1,1,1,1,1,0,0,0,0,0,0,0,Jan,May
tumkur,1,1,1,0,0,0,0,0,0,1,1,1,Oct,Mar
nagarhole,1,1,1,1,1,0,0,0,0,1,1,1,Oct,May
shimoga,1,1,1,0,0,0,0,0,0,1,1,1,Oct,Mar
coorg,1,1,1,0,0,0,0,0,0,0,1,1,Nov,Mar
hospet,1,1,0,0,0,0,0,0,0,1,1,1,Oct,Feb
gangavathi,1,1,1,0,0,0,0,0,0,1,1,1,Oct,Mar
udupi,1,1,1,0,0,0,0,0,0,1,1,1,Oct,Mar
chitradurga,1,1,1,0,0,0,0,0,0,1,1,1,Oct,Mar
belgaum,1,1,0,0,0,0,0,0,0,0,1,1,Nov,Feb
uttara kannada,0,0,0,0,0,0,0,0,0,0,0,0,Null,Null
gulbarga,1,0,0,0,0,0,0,0,0,1,1,1,Oct,Jan
hassan,0,0,1,0,0,0,0,0,0,1,0,0,Oct,Mar
badami,1,1,0,0,0,0,0,0,0,1,1,1,Oct,Feb
gokarn,0,0,0,0,0,0,0,0,0,0,0,0,Null,Null
belur,0,0,0,0,0,0,0,0,0,0,0,0,Null,Null
mysore,1,1,1,0,0,0,0,0,0,1,1,1,Oct,Mar
bijapur,1,1,0,0,0,0,0,0,0,1,1,1,Oct,Feb
dandeli,0,0,0,0,0,0,0,0,0,1,1,0,Oct,Nov
mangalore,1,0,0,0,0,0,0,0,0,0,0,1,Dec,Jan
bangalore,1,1,0,0,0,0,0,0,0,1,1,1,Oct,Feb
dharwad,1,1,1,0,0,0,0,0,0,1,1,1,Oct,Mar
raichur,1,1,0,0,0,0,0,0,0,1,1,1,Oct,Feb
karwar,1,1,1,1,0,0,0,0,0,0,1,1,Nov,Apr
hampi,0,0,0,0,0,0,0,0,0,0,1,0,Nov,Nov
darjeeling,0,0,0,0,0,0,0,0,1,1,1,0,Sept,Nov
baharampur,1,1,1,0,0,0,0,0,0,1,1,1,Oct,Mar
bishnupur,1,1,1,0,0,0,0,0,0,1,1,1,Oct,Mar
durgapur,1,1,1,0,0,0,0,0,0,0,1,1,Nov,Mar
jalpaiguri,1,1,1,0,0,0,0,0,0,1,1,1,Oct,Mar
asansol,0,0,0,0,0,0,0,0,0,1,1,0,Oct,Nov
bagdogra,1,1,1,0,0,0,0,0,0,1,1,1,Oct,Mar
mandarmani,1,1,1,1,1,0,0,0,0,1,1,1,Oct,May
birbhum,1,1,1,0,0,0,0,0,0,0,1,1,Nov,Mar
siliguri,0,0,0,0,0,0,0,0,0,1,1,1,Oct,Dec
kurseong,0,0,0,0,0,1,1,1,0,0,0,0,Jun,Aug
kalimpong,0,0,1,1,1,0,0,0,0,0,0,0,Mar,May
barddhaman,1,1,1,1,1,0,0,0,0,1,1,1,Oct,May
howrah,1,1,0,0,0,0,0,0,0,0,1,1,Nov,Feb
kolkata,1,1,1,0,0,0,0,0,0,1,1,1,Oct,Mar
haldia,0,0,0,0,0,0,0,0,0,1,1,1,Oct,Dec
murshidabad,1,1,0,0,0,0,0,0,0,1,1,1,Oct,Feb
mirik,1,1,1,1,1,0,0,0,1,1,1,1,Sept,May
surat,1,1,0,0,0,0,0,0,0,1,1,1,Oct,Feb
porbandar,1,1,1,0,0,0,0,0,0,1,1,1,Oct,Mar
vapi,1,1,1,0,0,0,0,0,0,1,1,1,Oct,Mar
ahmedabad,1,1,0,0,0,0,0,0,0,0,1,1,Nov,Feb
saputara,0,0,1,1,1,1,1,1,1,1,0,0,Mar,Oct
mahesana,1,1,1,0,0,0,0,0,0,1,1,1,Oct,Mar
umbergaon,1,1,1,0,0,0,0,0,0,1,1,1,Oct,Mar
sasan gir,0,0,1,1,0,0,0,0,0,0,0,0,Mar,Apr
gandhinagar,1,1,0,0,0,0,0,0,0,0,1,1,Nov,Feb
palanpur,1,1,1,0,0,0,0,0,0,1,1,1,Oct,Mar
rajkot,1,0,0,0,0,0,0,0,0,1,1,1,Oct,Jan
bharuch,1,1,1,0,0,0,0,0,0,1,1,1,Oct,Mar
champaner,1,1,0,0,0,0,0,0,0,0,0,1,Dec,Feb
ambaji,1,1,1,1,0,0,0,0,0,1,1,1,Oct,Apr
anklesvar,1,1,0,0,0,0,0,0,0,1,1,1,Oct,Feb
kutch,1,1,0,0,0,0,0,0,0,0,1,1,Nov,Feb
vadodara,1,1,1,0,0,0,0,0,0,1,1,1,Oct,Mar
anand,1,1,1,0,0,0,0,0,0,1,1,1,Oct,Mar
gandhidham,1,1,1,1,0,0,0,1,1,1,1,1,Aug,Apr
veraval,0,0,0,0,0,0,0,0,0,0,0,0,Null,Null
bhuj,0,0,0,0,0,0,0,0,0,1,1,1,Oct,Dec
jamnagar,0,0,0,0,0,0,0,0,0,1,1,1,Oct,Dec
bhavnagar,1,1,1,0,0,0,0,0,0,0,0,1,Dec,Mar
balasinor,1,1,1,0,0,0,0,0,0,1,1,1,Oct,Mar
dharampur,1,1,1,0,0,0,0,0,0,1,1,1,Oct,Mar
surendranagar,1,1,1,0,0,0,0,0,0,1,1,1,Oct,Mar
junagadh,1,1,1,0,0,0,0,0,0,1,1,1,Oct,Mar
somnath,1,1,1,0,0,0,0,0,0,1,1,1,Oct,Mar
dwarka,1,1,1,0,0,0,0,0,0,0,0,1,Dec,Mar
cuttack,1,1,1,0,0,0,0,0,0,1,1,1,Oct,Mar
chandipur,1,1,1,0,0,0,0,0,0,1,1,1,Oct,Mar
gopalpur,1,1,0,0,0,0,0,0,0,0,1,1,Nov,Feb
konark,1,1,1,0,0,0,0,0,0,1,1,1,Oct,Mar
jharsuguda,1,1,1,0,0,0,0,0,0,1,1,1,Oct,Mar
bhubaneswar,1,1,0,0,0,0,0,0,0,1,1,1,Oct,Feb
simlipal,1,1,1,1,1,0,0,0,0,1,1,1,Oct,May
dhenkanal,1,1,1,0,0,0,0,0,0,1,1,1,Oct,Mar
paradip,1,1,1,0,0,0,0,0,0,1,1,1,Oct,Mar
bhadrak,1,1,1,1,1,1,0,0,0,1,1,1,Oct,Jun
raurkela,1,1,1,0,0,0,0,0,0,1,1,1,Oct,Mar
baleshwar,1,1,1,0,0,0,0,0,1,1,1,1,Sept,Mar
puri,0,0,0,0,0,0,0,0,0,0,1,0,Nov,Nov
diu,1,1,0,0,0,0,0,0,0,0,1,1,Nov,Feb
daman,1,1,1,0,0,0,0,0,0,1,1,1,Oct,Mar
shillong,0,0,1,1,1,0,0,0,0,0,0,0,Mar,May
cherrapunjee,1,0,0,0,0,0,0,0,0,1,1,1,Oct,Jan
hazaribagh,1,1,1,1,0,0,0,0,0,1,1,1,Oct,Apr
dhanbad,1,1,1,0,0,0,0,0,0,1,1,1,Oct,Mar
jamshedpur,1,1,0,0,0,0,0,0,0,0,1,1,Nov,Feb
ranchi,0,0,0,0,0,0,0,0,0,1,1,0,Oct,Nov
bokaro,1,1,0,0,0,0,0,0,0,1,1,1,Oct,Feb
deoghar,1,1,1,0,0,0,0,0,0,1,1,1,Oct,Mar
kasauli,0,0,0,1,1,1,0,0,0,0,0,0,Apr,Jun
solan,0,1,1,1,1,1,1,1,1,1,1,0,Feb,Nov
mcleodganj,1,1,1,1,1,1,0,0,1,1,1,1,Sept,Jun
kaza,0,0,0,0,1,1,1,1,1,1,0,0,May,Oct
baddi,0,0,1,1,1,1,1,1,1,0,0,0,Mar,Sept
palampur,0,0,1,1,1,1,0,0,0,0,0,0,Mar,Jun
kulu,1,1,1,1,1,1,0,0,1,1,1,1,Sept,Jun
dalhousie,0,0,1,1,1,0,0,0,0,0,0,0,Mar,May
kangra,0,0,1,1,1,1,0,0,0,0,0,0,Mar,Jun
kinnaur,0,0,0,0,0,0,0,0,0,1,0,0,Oct,Oct
renukaji,0,0,0,0,0,1,1,1,1,1,0,0,Jun,Oct
hamirpur,1,1,1,0,0,0,0,0,0,1,1,1,Oct,Mar
narkanda,0,0,0,0,0,0,0,0,0,0,0,0,Null,Null
bhuntar,1,1,0,0,0,0,0,0,0,0,0,0,Jan,Feb
barog,1,1,1,0,0,0,0,0,0,1,1,1,Oct,Mar
chamba,0,0,0,1,0,0,0,0,0,0,0,0,Apr,Apr
kyelang,0,0,0,0,0,1,1,1,1,0,0,0,Jun,Sept
chail,0,0,0,1,1,1,0,0,1,1,1,0,Sept,Jun
kufri,0,0,1,0,0,0,0,0,0,0,1,0,Nov,Mar
dharmsala,1,1,1,0,0,0,0,0,1,1,1,1,Sept,Mar
jogindernagar,0,0,0,0,0,0,0,0,1,1,1,1,Sept,Dec
chintpurni,0,0,0,1,1,1,1,1,1,0,0,0,Apr,Sept
sangla,0,0,0,0,0,0,0,0,1,1,1,1,Sept,Dec
parwanoo,0,0,1,1,1,0,0,0,0,0,0,0,Mar,May
thaneek pura,0,0,0,0,0,0,0,0,0,0,0,0,Null,Null
shimla,0,0,0,0,0,0,0,0,0,0,0,0,Null,Null
manali,0,0,0,0,0,0,1,1,0,0,0,0,Jul,Aug
anantnag,0,0,0,0,1,1,1,1,1,1,0,0,May,Oct
gulmarg,0,0,0,0,1,0,0,0,0,0,0,0,May,May
patnitop,0,1,1,0,0,0,0,0,0,0,0,0,Feb,Mar
leh,0,0,0,0,1,1,0,0,0,0,0,0,May,Jun
pangong,0,0,0,0,0,0,0,0,0,0,0,0,Null,Null
nubra valley,0,0,0,0,0,0,1,1,1,0,0,0,Jul,Sept
sonamarg,0,0,0,1,1,1,1,1,1,1,0,0,Apr,Oct
kargil,0,0,0,0,1,1,0,0,0,0,0,0,May,Jun
katra,0,0,1,1,1,1,1,1,1,1,1,0,Mar,Nov
jammu,0,1,0,0,0,0,0,0,0,0,0,0,Feb,Feb
pahalgam,0,0,1,1,1,1,0,0,0,0,0,0,Mar,Jun
srinagar,0,0,0,1,1,1,0,0,0,0,0,0,Apr,Jun
mandawa,1,1,1,0,0,0,0,0,0,1,1,1,Oct,Mar
udaipur,1,1,1,0,0,0,0,0,0,1,1,1,Oct,Mar
kota,1,1,0,0,0,0,0,0,0,1,1,1,Oct,Feb
shekhawati,1,1,1,0,0,0,0,0,0,0,1,1,Nov,Mar
bundi,1,1,1,0,0,0,0,0,0,1,1,1,Oct,Mar
bhilwara,1,1,1,0,0,0,0,0,0,1,1,1,Oct,Mar
chittaurgarh,1,1,1,0,0,0,0,0,0,1,1,1,Oct,Mar
alwar,1,1,0,0,0,0,0,0,0,0,1,1,Nov,Feb
mount abu,0,0,0,0,0,0,0,0,0,0,0,0,Null,Null
banswara,1,1,0,0,0,0,0,0,0,1,1,1,Oct,Feb
kumbhalgarh,1,1,0,0,0,0,0,0,0,1,1,1,Oct,Feb
jodhpur,1,1,0,0,0,0,0,0,0,0,1,1,Nov,Feb
ajmer,1,1,1,0,0,0,0,0,0,0,1,1,Nov,Mar
bikaner,1,1,0,0,0,0,0,0,0,0,1,1,Nov,Feb
jaisalmer,1,1,0,0,0,0,0,0,0,1,1,1,Oct,Feb
hanumangarh,1,1,1,0,0,0,0,0,0,1,1,1,Oct,Mar
pushkar,1,1,1,0,0,0,0,0,0,1,1,1,Oct,Mar
nathdwara,1,1,0,0,0,0,0,0,0,1,1,1,Oct,Feb
jaipur,1,1,1,0,0,0,0,0,0,1,1,1,Oct,Mar
neemrana,1,1,1,0,0,0,0,0,1,1,1,1,Sept,Mar
ranthambore,1,1,1,1,0,0,0,0,0,0,1,1,Nov,Apr
behror,1,1,1,0,0,0,0,0,0,1,1,1,Oct,Mar
bharatpur,1,1,0,0,0,0,0,0,0,0,1,1,Nov,Feb
barmer,1,1,1,0,0,0,0,0,1,1,1,1,Sept,Mar
sawai madhopur,0,0,0,0,0,0,0,0,0,0,0,0,Null,Null
yanam,0,0,0,0,0,0,0,0,0,0,0,0,Null,Null
karaikal,1,1,1,0,0,0,0,0,0,1,1,1,Oct,Mar
pondicherry,0,0,0,0,0,0,0,0,0,1,1,0,Oct,Nov
lachung,1,1,1,1,1,1,0,0,0,1,1,1,Oct,Jun
yuksam,0,0,0,0,0,0,0,0,0,0,0,0,Null,Null
aritar,0,0,1,1,1,0,0,0,0,0,0,0,Mar,May
gangtok,0,0,1,1,1,0,0,0,0,0,0,0,Mar,May
pelling,0,1,1,1,1,0,0,0,0,0,0,0,Feb,May
tuljapur,1,1,1,0,0,0,0,0,0,1,1,1,Oct,Mar
malshej ghat,1,1,1,0,0,0,0,0,0,1,1,1,Oct,Mar
jalgaon,1,1,1,0,0,0,0,0,0,1,1,1,Oct,Mar
vengurla,1,1,1,1,1,0,0,0,0,1,1,1,Oct,May
pandharpur,1,1,1,0,0,0,0,0,0,1,1,1,Oct,Mar
nagpur,0,1,0,0,0,0,0,0,0,0,0,0,Feb,Feb
guhagar,1,1,1,0,0,0,0,0,0,1,1,1,Oct,Mar
wardha,1,1,1,0,0,0,0,0,1,1,1,1,Sept,Mar
kashid,1,1,1,0,0,0,0,0,0,1,1,1,Oct,Mar
bordi,1,1,0,0,0,0,0,1,1,1,1,1,Aug,Feb
diveagar,1,0,0,0,0,0,0,0,0,1,1,1,Oct,Jan
amboli,1,1,0,0,0,0,0,0,0,1,1,1,Oct,Feb
nashik,1,1,0,0,0,0,0,0,0,1,1,1,Oct,Feb
mumbai,1,1,0,0,0,0,0,0,0,0,0,1,Dec,Feb
manmad,1,1,1,1,0,1,1,1,1,1,1,1,Jun,Apr
nanded,1,1,1,0,0,0,0,0,0,1,1,1,Oct,Mar
malwan,1,0,0,0,0,0,0,0,0,0,0,1,Dec,Jan
lonavala,1,1,1,0,0,0,0,0,0,1,1,1,Oct,Mar
karjat,0,0,0,0,0,0,1,1,0,0,0,0,Jul,Aug
akola,0,0,0,0,0,0,0,0,0,0,0,0,Null,Null
palghar,1,1,1,0,0,0,0,0,0,1,1,1,Oct,Mar
shrivardhan,1,1,1,0,0,0,0,0,0,1,1,1,Oct,Mar
sindhudurg,1,1,0,0,0,0,0,0,0,0,1,1,Nov,Feb
solapur,1,1,1,0,0,0,0,0,0,1,1,1,Oct,Mar
aurangabad,0,0,0,0,0,0,0,0,0,1,1,1,Oct,Dec
lavasa,1,1,1,0,0,0,0,0,1,1,1,1,Sept,Mar
mahabaleshwar,1,1,1,0,0,0,0,0,0,1,1,1,Oct,Mar
amravati,1,1,0,0,0,0,0,0,0,0,1,1,Nov,Feb
igatpuri,1,1,1,0,0,0,0,0,0,1,1,1,Oct,Mar
sawantwadi,1,1,1,0,0,0,0,0,0,1,1,1,Oct,Mar
alibag,1,1,1,0,0,0,0,0,0,0,1,1,Nov,Mar
ajanta,1,1,1,0,0,0,0,0,0,1,1,1,Oct,Mar
osmanabad,1,1,1,0,0,0,0,0,0,1,1,1,Oct,Mar
dapoli camp,0,0,0,0,0,0,0,0,0,0,0,0,Null,Null
shirdi,1,1,0,0,0,0,0,0,0,0,0,1,Dec,Feb
khandala,1,1,1,1,0,0,0,0,0,1,1,1,Oct,Apr
matheran,1,1,1,1,1,0,0,0,0,1,1,1,Oct,May
raigarh,1,1,1,0,0,0,0,0,0,1,1,1,Oct,Mar
dhule,1,1,1,0,0,0,0,0,0,1,1,1,Oct,Mar
pune,1,1,0,0,0,0,0,0,0,1,1,1,Oct,Feb
murud janjira,1,1,1,1,1,1,0,0,1,1,1,1,Sept,Jun
kankavli,1,1,1,0,0,0,0,0,0,1,1,1,Oct,Mar
kolhapur,1,1,0,1,1,0,0,0,0,1,1,1,Null,Null
chandrapur,1,1,1,1,1,0,0,0,0,1,1,1,Oct,May
panchgani,1,1,1,1,1,0,0,0,1,1,1,1,Sept,May
kudal,0,0,0,0,0,0,0,0,0,0,0,0,Null,Null
kolad,1,1,0,0,0,0,0,0,0,0,0,0,Jan,Feb
bhandardara,1,1,0,0,0,0,0,0,0,1,1,1,Oct,Feb
chikhaldara,1,1,0,0,0,0,0,0,0,1,1,1,Oct,Feb
chiplun,1,1,1,0,0,0,0,0,0,1,1,1,Oct,Mar
karad,1,1,1,0,0,0,0,0,0,1,1,1,Oct,Mar
ratnagiri,1,1,1,0,0,0,0,0,0,1,1,1,Oct,Mar
dirang,1,1,1,1,0,0,0,0,0,1,1,1,Oct,Apr
bomdila,0,0,0,1,1,1,1,1,1,1,0,0,Apr,Oct
west siang,0,0,0,0,0,0,0,0,0,0,0,0,Null,Null
tawang,0,0,1,1,1,1,1,1,1,0,0,0,Mar,Sept
itanagar,1,1,1,0,0,0,0,0,0,1,1,1,Oct,Mar
bhalukpong,0,0,0,0,0,0,0,0,0,0,1,1,Nov,Dec
west kameng,0,0,0,0,0,0,0,0,0,0,0,0,Null,Null
neil island,0,0,0,0,0,0,0,0,0,0,0,0,Null,Null
havelock island,1,1,1,1,0,0,0,0,0,1,1,1,Oct,Apr
port blair,0,0,0,0,0,0,0,0,0,0,1,1,Nov,Dec
pachmarhi,1,1,1,0,0,0,0,0,0,1,1,1,Oct,Mar
indore,1,1,1,0,0,0,0,0,0,1,1,1,Oct,Mar
ratlam,1,1,1,1,1,0,0,0,0,1,1,1,Oct,May
pench,1,1,1,0,0,0,0,0,0,0,1,1,Nov,Mar
bhopal,1,1,0,0,0,0,0,0,0,0,1,1,Nov,Feb
ujjain,1,1,1,0,0,0,0,0,0,1,1,1,Oct,Mar
chanderi,1,1,1,0,0,0,0,0,0,1,1,1,Oct,Mar
mandav,1,1,1,0,0,0,1,1,1,1,1,1,Jul,Mar
gwalior,1,1,1,0,0,0,0,0,0,1,1,1,Oct,Mar
orchha,1,1,1,0,0,0,0,0,0,1,1,1,Oct,Mar
jabalpur,1,0,0,0,0,0,0,0,0,1,1,1,Oct,Jan
bandhavgarh,1,1,0,0,0,0,0,0,0,1,1,1,Oct,Feb
kanha,0,0,1,0,0,0,0,0,0,0,0,0,Mar,Mar
omkareshwar,1,1,1,0,0,0,0,0,0,1,1,1,Oct,Mar
khajuraho,1,1,0,0,0,0,0,0,0,1,1,1,Oct,Feb
amarkantak,1,1,1,0,0,0,0,0,0,1,1,1,Oct,Mar
dewas,1,1,1,0,0,0,0,0,0,1,1,1,Oct,Mar
chhatarpur,1,1,1,0,0,0,0,0,0,1,1,1,Oct,Mar
vidisha,1,1,1,0,0,0,0,0,0,1,1,1,Oct,Mar
sagar,1,0,0,0,0,0,0,0,0,0,1,1,Nov,Jan
tezpur,0,0,0,0,0,0,0,0,0,0,0,0,Null,Null
jorhat,1,1,1,0,0,0,0,0,0,1,1,1,Oct,Mar
silchar,0,0,0,0,1,1,0,0,0,0,0,0,May,Jun
guwahati,1,1,0,0,0,0,0,0,0,0,1,1,Nov,Feb
haflong,1,1,1,0,0,0,0,0,0,1,1,1,Oct,Mar
kaziranga,1,1,1,1,0,0,0,0,0,0,1,1,Nov,Apr
dibrugarh,1,1,1,0,0,0,0,0,0,1,1,1,Oct,Mar
sibsagar,1,1,0,0,0,0,0,0,0,1,1,1,Oct,Feb
hosur,1,1,1,0,0,0,0,0,0,1,1,1,Oct,Mar
mamallapuram,1,1,1,0,0,0,0,0,0,1,1,1,Oct,Mar
thiruchendur,1,1,1,0,0,0,0,0,0,1,1,1,Oct,Mar
kumbakonam,1,1,1,0,0,0,0,0,0,1,1,1,Oct,Mar
vellore,1,1,1,0,0,0,0,0,0,1,1,1,Oct,Mar
dindigul,1,1,1,0,0,0,0,0,1,1,1,1,Sept,Mar
ooty,0,0,0,0,1,1,0,0,0,0,0,0,May,Jun
erode,1,1,1,0,0,0,0,0,0,1,1,1,Oct,Mar
tiruvannamalai,1,1,1,0,0,0,0,0,0,1,1,1,Oct,Mar
tirunelveli,1,1,0,0,0,0,0,0,0,1,1,1,Oct,Feb
chennai,1,1,0,0,0,0,0,0,0,0,1,1,Nov,Feb
yelagiri,1,1,0,0,0,0,0,0,0,0,1,1,Nov,Feb
kanchipuram,1,1,0,0,0,0,0,0,0,1,1,1,Oct,Feb
cuddalore,1,1,1,0,0,0,0,0,0,1,1,1,Oct,Mar
courtalam,1,1,1,0,0,0,1,1,1,1,1,1,Jul,Mar
kanyakumari,0,0,1,0,0,0,0,0,0,0,0,0,Mar,Mar
masinagudi,1,1,1,1,1,0,0,0,0,0,0,1,Dec,May
coonoor,1,1,0,0,0,0,0,0,0,1,1,1,Oct,Feb
kotagiri,1,1,1,1,1,0,0,0,0,0,0,1,Dec,May
kodaikanal,0,0,0,1,1,0,0,0,0,0,0,0,Apr,May
coimbatore,0,0,1,0,0,0,0,0,1,0,0,0,Sept,Mar
rameshwaram,1,1,1,1,0,0,0,0,0,1,1,1,Oct,Apr
mayiladuthurai,1,1,1,0,0,0,0,0,0,1,1,1,Oct,Mar
madurai,1,1,0,0,0,0,0,0,0,0,0,1,Dec,Feb
karur,0,0,0,0,0,0,0,0,0,0,0,0,Null,Null
salem,1,1,0,0,0,0,0,0,0,1,1,1,Oct,Feb
palani,1,1,1,0,0,0,0,0,0,1,1,1,Oct,Mar
thiruvanru,1,1,1,0,0,0,0,0,0,1,1,1,Oct,Mar
teni,1,1,1,1,1,0,0,0,0,1,1,1,Oct,May
chidambaram,0,0,0,0,0,0,0,0,0,0,0,0,Null,Null
pollachi,1,1,0,0,0,0,0,0,0,0,0,1,Dec,Feb
tiruchirappalli,1,1,1,0,0,0,0,0,0,0,1,1,Nov,Mar
thanjavur,1,1,1,0,0,0,0,0,0,1,1,1,Oct,Mar
tenkasi,1,1,1,0,0,0,1,1,1,1,1,1,Jul,Mar
thoothukkudi,1,1,1,0,0,0,0,0,0,1,1,1,Oct,Mar
dharmapuri,1,1,0,0,0,0,0,0,0,0,1,1,Nov,Feb
yercaud,0,0,1,1,1,1,0,0,0,0,0,0,Mar,Jun
krishnagiri,0,0,0,0,0,0,0,0,0,0,0,0,Null,Null
darbhanga,1,1,1,0,0,0,0,0,0,1,1,1,Oct,Mar
patna,0,0,0,0,0,0,0,0,0,1,1,1,Oct,Dec
bodh gaya,1,1,1,0,0,0,0,0,0,1,1,1,Oct,Mar
siwan,1,1,1,0,0,0,0,0,0,1,1,1,Oct,Mar
buxar,1,1,1,1,0,0,0,0,0,1,1,1,Oct,Apr
nalanda,1,1,1,0,0,0,0,0,0,1,1,1,Oct,Mar
silvassa,1,1,1,0,0,0,0,0,0,0,1,1,Nov,Mar
aizawl,1,1,1,0,0,0,0,0,0,0,1,1,Nov,Mar
dimapur,1,1,1,1,0,0,0,0,0,1,1,1,Oct,Apr
kohima,1,1,1,1,1,0,0,0,0,1,1,1,Oct,May
tirupati,1,1,1,0,0,0,0,0,1,1,1,1,Sept,Mar
dindi,1,1,1,0,0,0,0,0,0,1,1,1,Oct,Mar
cuddapah,1,1,1,0,0,0,0,0,0,0,0,1,Dec,Mar
kakinada,1,1,1,0,0,0,0,0,0,0,1,1,Nov,Mar
guntur,1,1,1,0,0,0,0,0,0,1,1,1,Oct,Mar
vijayawada,1,1,1,0,0,0,0,0,0,1,1,1,Oct,Mar
visakhapatnam,1,1,0,0,0,0,0,0,0,0,1,1,Nov,Feb
kurnool,1,1,0,0,0,0,0,0,0,0,0,1,Dec,Feb
adoni,0,0,0,0,0,0,0,0,0,0,0,0,Null,Null
rajahmundry,1,1,1,0,0,0,0,0,0,1,1,1,Oct,Mar
nellore,1,1,1,0,0,0,0,0,0,1,1,1,Oct,Mar
ongole,1,1,1,0,0,0,0,0,0,1,1,1,Oct,Mar
srisailamgudem devasthanam,0,0,0,0,0,0,0,0,0,0,0,0,Null,Null
puttaparthi,1,1,0,0,0,0,0,0,0,0,1,1,Nov,Feb
wayanad,1,1,1,1,0,0,0,0,0,1,1,1,Oct,Apr
changanassery,1,1,0,0,0,0,0,0,0,0,0,1,Dec,Feb
chengannur,0,0,0,0,0,0,0,0,0,0,0,0,Null,Null
ernakulam,1,1,1,0,0,0,0,0,0,1,1,1,Oct,Mar
munnar,1,1,0,0,0,0,0,0,0,0,1,1,Nov,Feb
thalassery,1,1,1,0,0,0,0,0,0,1,1,1,Oct,Mar
kozhikode,1,1,0,0,0,0,0,0,0,1,1,1,Oct,Feb
guruvayoor,1,1,0,0,0,0,0,0,0,0,0,1,Dec,Feb
varkala,1,1,1,0,0,0,0,0,0,1,1,1,Oct,Mar
thiruvalla,0,0,0,0,0,0,0,0,0,0,0,0,Null,Null
kovalam,1,1,0,0,0,0,0,0,0,0,1,1,Nov,Feb
poovar,1,1,0,0,0,0,0,0,0,1,1,1,Oct,Feb
kannur,1,1,1,0,0,0,1,1,1,1,1,1,Jul,Mar
kottayam,1,1,0,0,0,0,0,0,1,1,1,1,Sept,Feb
thiruvananthapuram,1,1,0,0,0,0,0,0,0,1,1,1,Oct,Feb
thrissur,1,1,0,0,0,0,0,0,0,1,1,1,Oct,Feb
bekal,1,1,1,0,0,0,0,0,0,1,1,1,Oct,Mar
thekkady,0,0,1,1,0,0,0,0,0,0,0,0,Mar,Apr
palakkad,1,1,0,0,0,0,0,0,0,0,0,1,Dec,Feb
alleppey,1,1,0,0,0,0,0,0,0,1,1,1,Oct,Feb
kasaragod,0,0,0,0,0,0,0,0,0,0,0,0,Null,Null
kumarakom,1,1,0,0,0,0,0,0,0,1,1,1,Oct,Feb
idukki,0,0,0,0,0,0,0,0,0,0,0,0,Null,Null
bilaspur,1,1,1,0,0,0,0,0,0,1,1,1,Oct,Mar
barnawapara,1,1,1,0,0,0,0,0,0,1,1,1,Oct,Mar
jagdalpur,1,1,1,0,0,0,0,0,0,1,1,1,Oct,Mar
bhilai,1,1,1,0,0,0,0,0,0,1,1,1,Oct,Mar
durg,1,1,1,0,0,0,0,0,0,1,1,1,Oct,Mar
raigarh,1,1,1,0,0,0,0,0,0,1,1,1,Oct,Mar
kanker,1,1,1,0,0,0,0,0,0,1,1,1,Oct,Mar
raipur,1,1,1,0,0,0,0,0,0,1,1,1,Oct,Mar
nainital,0,0,1,1,1,1,0,0,0,0,0,0,Mar,Jun
kathgodam,0,0,0,0,0,0,0,0,0,0,0,0,Null,Null
devprayag,0,0,0,0,0,0,0,0,0,0,0,0,Null,Null
sattal,0,0,0,0,0,0,0,0,1,1,1,1,Sept,Dec
corbett,1,1,1,1,1,1,0,0,0,0,1,1,Nov,Jun
tehri,0,0,0,0,0,0,0,0,0,0,0,0,Null,Null
haridwar,1,1,0,0,0,0,0,0,0,0,1,1,Nov,Feb
barkot,0,0,0,0,0,0,0,0,0,0,0,0,Null,Null
rudrapur,0,0,0,0,0,0,0,0,0,0,0,0,Null,Null
jageshwar,0,0,1,1,1,1,0,0,1,1,1,0,Sept,Jun
kedarnath,0,0,0,0,1,1,0,0,0,0,0,0,May,Jun
lansdowne,0,0,1,1,1,1,0,0,0,0,0,0,Mar,Jun
chakrata,0,0,0,0,0,0,0,0,1,1,1,0,Sept,Nov
rishikesh,0,0,1,1,1,1,0,0,0,0,0,0,Mar,Jun
almora,0,0,0,1,1,1,0,0,0,0,0,0,Apr,Jun
badrinathpuri,0,0,0,0,0,0,0,0,1,1,0,0,Sept,Oct
bageshwar,1,1,0,0,0,0,0,0,0,0,0,1,Dec,Feb
bhimtal,0,0,0,0,0,0,0,1,1,1,1,0,Aug,Nov
rudraprayag,1,1,1,0,0,0,0,0,0,1,1,1,Oct,Mar
karanprayag,1,1,1,0,0,0,0,0,0,1,1,1,Oct,Mar
gangotri,0,0,0,1,1,0,0,0,0,0,0,0,Apr,May
chamoli,1,1,1,0,0,0,0,0,0,1,1,1,Oct,Mar
srinagar uk,0,0,0,0,0,0,0,0,0,0,0,0,Null,Null
roorkee,0,0,0,0,0,0,0,0,0,0,0,0,Null,Null
joshimath,0,0,0,0,0,0,0,0,0,0,1,0,Nov,Nov
haldwani,1,1,1,0,0,0,0,0,1,1,1,1,Sept,Mar
kanatal,1,1,0,0,0,0,0,0,0,0,0,1,Dec,Feb
mukteshwar,0,0,0,0,0,0,0,0,0,1,1,0,Oct,Nov
champawat,0,0,0,0,0,0,0,0,0,0,0,0,Null,Null
naukuchiatal,0,0,1,1,1,1,0,0,0,0,0,0,Mar,Jun
ghangaria,1,1,1,0,0,0,0,0,0,1,1,1,Oct,Mar
pithoragarh,0,0,1,1,1,1,0,0,0,0,0,0,Mar,Jun
binsar,0,0,0,1,1,1,0,0,0,0,0,0,Apr,Jun
yamunotri,0,0,0,1,1,1,0,0,0,0,0,0,Apr,Jun
guptakashi,1,1,1,0,0,0,0,0,0,1,1,1,Oct,Mar
uttarkashi,0,0,1,1,1,1,0,0,0,0,0,0,Mar,Jun
chopta,0,0,1,1,1,1,0,0,0,0,0,0,Mar,Jun
dhanaulti,0,0,1,1,1,1,0,0,0,0,0,0,Mar,Jun
dehradun,0,0,0,0,1,1,1,1,1,1,0,0,May,Oct
auli,0,0,0,0,1,1,0,0,0,0,0,0,May,Jun
mussoorie,0,0,1,1,1,1,0,0,0,0,0,0,Mar,Jun
ranikhet,0,0,0,0,0,0,0,0,1,1,1,0,Sept,Nov
chaukori,0,0,0,1,1,1,0,0,0,1,1,0,Oct,Jun
kotdwar,1,1,1,0,0,0,0,0,1,1,1,1,Sept,Mar
imphal,1,1,1,0,0,0,0,0,0,1,1,1,Oct,Mar
amritsar,1,1,1,0,0,0,0,0,0,1,1,1,Oct,Mar
kapurthala,1,1,1,0,0,0,0,0,0,1,1,1,Oct,Mar
mohali,0,0,0,0,0,0,0,0,0,1,1,0,Oct,Nov
pathankot,1,1,1,1,0,0,0,0,0,1,1,1,Oct,Apr
jalandhar,1,1,0,0,0,0,0,0,0,0,1,1,Nov,Feb
patiala,0,0,0,0,0,0,0,0,0,1,1,1,Oct,Dec
fatehgarh sahib,0,0,0,0,0,0,0,0,0,0,0,0,Null,Null
gurdaspur,1,1,1,0,0,0,0,0,0,0,1,1,Nov,Mar
ludhiana,0,1,0,0,0,0,0,0,0,0,0,0,Feb,Feb
agartala,1,1,1,0,0,0,0,0,0,1,1,1,Oct,Mar
